package,number_of_classes,number_of_tests,density,normalized_density,diversity,uniqueness,ddu,unit_vs_integration
org.apache.commons.validator,68,511,0.07378841947737999,0.14757683895476004,0.9787345075016308,0.9411764705882353,0.135942159805209,0.13555555555555557
org.apache.commons.validator.routines,40,388,0.06829896907216494,0.13659793814432986,0.9763046431711021,1.0,0.13336120125790824,0.14792899408284024
org.apache.commons.validator.routines.checkdigit,14,141,0.16818642350557245,0.3363728470111449,0.932725430597771,1.0,0.31374350856986827,0.07633587786259542
org.apache.commons.validator.util,2,115,0.5,1.0,0.22883295194508013,1.0,0.22883295194508013,-1
