package,number_of_classes,number_of_tests,density,normalized_density,diversity,uniqueness,ddu,unit_vs_integration
org.apache.commons.text.beta.diff,7,5,0.9142857142857143,0.17142857142857149,0.6,0.2857142857142857,0.029387755102040822,0.0
org.apache.commons.text.beta,49,465,0.040245775729646695,0.08049155145929343,0.8920189098998887,0.8367346938775511,0.06007753929680936,1.3969072164948453
org.apache.commons.text.beta.similarity,16,105,0.07678571428571429,0.15357142857142858,0.7978021978021979,0.8125,0.09954719387755104,3.772727272727273
org.apache.commons.text.beta.translate,15,56,0.22976190476190475,0.45952380952380945,0.951948051948052,1.0,0.4374427952999381,0.12
