package,number_of_classes,number_of_tests,density,normalized_density,diversity,uniqueness,ddu,unit_vs_integration
org.apache.commons.cli,21,317,0.330779630464173,0.661559260928346,0.9525416283991535,0.9523809523809523,0.6001549863687878,0.03594771241830065
