package,number_of_classes,number_of_tests,density,normalized_density,diversity,uniqueness,ddu,unit_vs_integration
org.jsoup.nodes,14,466,0.42427958307786634,0.8485591661557327,0.9031519682495731,1.0,0.7663778810897666,0.0378619153674833
org.jsoup,50,526,0.42307984790874525,0.8461596958174905,0.9830092341118957,0.94,0.7818758268505915,0.039525691699604744
org.jsoup.select,9,419,0.5147175815433572,0.9705648369132855,0.7950577245891906,1.0,0.7716550708025556,0.309375
org.jsoup.safety,2,31,0.9838709677419355,0.032258064516129004,0.06451612903225812,1.0,0.0020811654526534857,0.03333333333333333
org.jsoup.helper,5,519,0.38188824662813103,0.7637764932562621,0.41230908860966664,1.0,0.3149119898359766,0.17954545454545454
org.jsoup.parser,14,495,0.706060606060606,0.5878787878787879,0.6779699832331412,0.9285714285714286,0.37009530253549394,0.08552631578947369
