package,number_of_classes,number_of_tests,density,normalized_density,diversity,uniqueness,ddu,unit_vs_integration
retrofit2,24,269,0.44083023543990085,0.8816604708798017,0.8578205626144371,0.8333333333333334,0.6302554009708509,0.05905511811023622
retrofit2.helpers,4,191,0.2513089005235602,0.5026178010471204,0.06166988151005792,1.0,0.03099638023542178,190.0
