parent,number_of_components,number_of_tests,unit_tests,integration_tests,density,normalized_density,diversity,uniqueness,ddu
org.jsoup.helper,150,519,43,476,0.056518946692357096,0.11303789338471415,0.9514510381562404,0.44,0.04732200924522751
org.jsoup.nodes,326,466,14,452,0.1345217093657021,0.26904341873140414,0.9974618118048826,0.656441717791411,0.17616305117493647
org.jsoup.parser,323,495,1,494,0.2630765862964005,0.526153172592801,0.9982742403795035,0.6253869969040248,0.3284814924336085
org.jsoup.select,111,419,6,413,0.1369627383947193,0.27392547678943857,0.9141268228066369,0.6486486486486487,0.16242332483242553
org.jsoup.safety,37,31,0,31,0.6094158674803836,0.7811682650392329,0.9634408602150537,0.6216216216216216,0.46783829136671057
org.jsoup,981,526,5,521,0.1443762281833932,0.2887524563667865,0.9997030599311968,0.5769622833843018,0.16654980655756332
