parent,number_of_components,number_of_tests,unit_tests,integration_tests,density,normalized_density,diversity,uniqueness,ddu
com.google.auto.common.MoreTypes,77,49,19,30,0.10230585740789823,0.20461171481579643,0.8613945578231292,0.35064935064935066,0.06180244513568832
com.google.auto.common.SuperficialValidation,68,16,10,6,0.33088235294117646,0.6617647058823529,0.9083333333333333,0.14705882352941177,0.08839749134948097
com.google.auto.common.MoreElements,26,62,17,45,0.20099255583126552,0.40198511166253104,0.8714965626652564,0.7307692307692307,0.2560093930028306
com.google.auto.common.BasicAnnotationProcessor,32,6,6,0,0.625,0.75,0.9333333333333333,0.25,0.175
com.google.auto.common.Visibility,4,19,3,16,0.27631578947368424,0.5526315789473685,0.20467836257309946,1.0,0.11311172668513392
com.google.auto.common.Overrides,19,28,24,4,0.40977443609022557,0.8195488721804511,0.9312169312169312,0.6842105263157895,0.5221742744496999
com.google.auto.common.AnnotationValues,21,1,0,1,0.7619047619047619,0.4761904761904763,0,0.09523809523809523,0.0
com.google.auto.common.AnnotationMirrors,9,5,5,0,0.3111111111111111,0.6222222222222222,0.8,0.4444444444444444,0.22123456790123458
